ID,Ti(wt%),Al(wt%),Zr(wt%),Mo(wt%),V(wt%),Nb(wt%),Cr(wt%),Fe(wt%),Sn(wt%),Solution Temperature(℃),Solution Time(h),Cooling Method,Aging Temperature(℃),Aging Time(h),Cooling Method.1,Thermo-Mechanical Treatment Temperature(℃),Deformation(%),reference_id,UTS(MPa),El(%),Processing_Description
1,81.17,0.0,6.2700000000000005,3.16,0.0,6.2700000000000005,0.0,0.0,3.1300000000000003,0,0.0,,0,0.0,,20,0.0,23,715.0,7.6,No processing
2,76.38000000000001,0.0,5.91,2.96,0.0,11.799999999999999,0.0,0.0,2.9499999999999997,0,0.0,,0,0.0,,20,0.0,23,519.0,6.4,No processing
3,79.36,0.0,5.8999999999999995,2.96,0.0,8.85,0.0,0.0,2.93,0,0.0,,0,0.0,,20,0.0,23,701.0,13.6,No processing
4,82.3,0.0,5.8999999999999995,2.9499999999999997,0.0,5.8999999999999995,0.0,0.0,2.9499999999999997,0,0.0,,0,0.0,,20,0.0,23,715.0,12.5,No processing
5,85.25,0.0,2.97,2.94,0.0,5.8999999999999995,0.0,0.0,2.94,0,0.0,,0,0.0,,20,0.0,23,762.0,13.8,No processing
6,81.22,0.0,3.1300000000000003,3.16,0.0,9.36,0.0,0.0,3.1300000000000003,0,0.0,,0,0.0,,20,0.0,23,692.0,14.2,No processing
7,75.64,0.0,0.0,0.0,0.0,22.36,0.0,0.0,2.0,950,2.0,WQ,0,0.0,,20,89.0,26,680.0,13.62,the first heat treatment is Solution treatment at 950.0℃ for 2.0 hours followed by water quenching. the second heat treatment is Cold rolling at 20℃ with 89.0% reduction
8,75.64,0.0,0.0,0.0,0.0,22.36,0.0,0.0,2.0,950,2.0,,250,2.0,,20,89.0,26,830.0,6.5,the first heat treatment is Solution treatment at 950.0℃ for 2.0 hours. the second heat treatment is Aging at 250.0℃ for 2.0 hours. the third heat treatment is Cold rolling at 20℃ with 89.0% reduction
9,75.64,0.0,0.0,0.0,0.0,22.36,0.0,0.0,2.0,950,2.0,,300,2.0,,20,89.0,26,1000.0,8.95,the first heat treatment is Solution treatment at 950.0℃ for 2.0 hours. the second heat treatment is Aging at 300.0℃ for 2.0 hours. the third heat treatment is Cold rolling at 20℃ with 89.0% reduction
10,72.91,0.0,0.0,0.0,0.0,23.02,0.0,0.0,4.07,950,2.0,,0,0.0,,20,89.0,26,600.0,13.59,the first heat treatment is Solution treatment at 950.0℃ for 2.0 hours. the second heat treatment is Cold rolling at 20℃ with 89.0% reduction
11,72.91,0.0,0.0,0.0,0.0,23.02,0.0,0.0,4.07,950,2.0,,250,2.0,,20,89.0,26,670.0,15.05,the first heat treatment is Solution treatment at 950.0℃ for 2.0 hours. the second heat treatment is Aging at 250.0℃ for 2.0 hours. the third heat treatment is Cold rolling at 20℃ with 89.0% reduction
12,72.91,0.0,0.0,0.0,0.0,23.02,0.0,0.0,4.07,950,2.0,,300,2.0,,20,89.0,26,710.0,12.26,the first heat treatment is Solution treatment at 950.0℃ for 2.0 hours. the second heat treatment is Aging at 300.0℃ for 2.0 hours. the third heat treatment is Cold rolling at 20℃ with 89.0% reduction
13,73.59,0.0,3.27,0.0,0.0,23.14,0.0,0.0,0.0,950,5.0,,250,0.33,,20,87.5,33,790.0,3.44,the first heat treatment is Solution treatment at 950.0℃ for 5.0 hours. the second heat treatment is Aging at 250.0℃ for 0.33 hours. the third heat treatment is Cold rolling at 20℃ with 87.5% reduction
14,73.59,0.0,3.27,0.0,0.0,23.14,0.0,0.0,0.0,950,5.0,,350,0.33,,20,88.5,33,964.0,2.13,the first heat treatment is Solution treatment at 950.0℃ for 5.0 hours. the second heat treatment is Aging at 350.0℃ for 0.33 hours. the third heat treatment is Cold rolling at 20℃ with 88.5% reduction
15,73.59,0.0,3.27,0.0,0.0,23.14,0.0,0.0,0.0,950,5.0,,425,0.33,,20,89.5,33,833.0,4.44,the first heat treatment is Solution treatment at 950.0℃ for 5.0 hours. the second heat treatment is Aging at 425.0℃ for 0.33 hours. the third heat treatment is Cold rolling at 20℃ with 89.5% reduction
16,76.0,0.0,0.0,0.0,0.0,24.0,0.0,0.0,0.0,900,1.0,,0,0.0,,20,95.0,36,440.0,32.0,the first heat treatment is Solution treatment at 900.0℃ for 1.0 hours. the second heat treatment is Cold rolling at 20℃ with 95.0% reduction
17,76.0,0.0,0.0,0.0,0.0,24.0,0.0,0.0,0.0,900,1.0,,300,0.167,,20,95.0,36,915.0,6.5,the first heat treatment is Solution treatment at 900.0℃ for 1.0 hours. the second heat treatment is Aging at 300.0℃ for 0.167 hours. the third heat treatment is Cold rolling at 20℃ with 95.0% reduction
18,76.0,0.0,0.0,0.0,0.0,24.0,0.0,0.0,0.0,900,1.0,,600,0.167,,20,95.0,36,580.0,6.0,the first heat treatment is Solution treatment at 900.0℃ for 1.0 hours. the second heat treatment is Aging at 600.0℃ for 0.167 hours. the third heat treatment is Cold rolling at 20℃ with 95.0% reduction
19,74.0,0.0,0.0,0.0,0.0,26.0,0.0,0.0,0.0,900,1.0,,0,0.0,,20,95.0,36,420.0,20.0,the first heat treatment is Solution treatment at 900.0℃ for 1.0 hours. the second heat treatment is Cold rolling at 20℃ with 95.0% reduction
20,74.0,0.0,0.0,0.0,0.0,26.0,0.0,0.0,0.0,900,1.0,,300,0.167,,20,95.0,36,870.0,4.0,the first heat treatment is Solution treatment at 900.0℃ for 1.0 hours. the second heat treatment is Aging at 300.0℃ for 0.167 hours. the third heat treatment is Cold rolling at 20℃ with 95.0% reduction
21,74.0,0.0,0.0,0.0,0.0,26.0,0.0,0.0,0.0,900,1.0,,600,0.167,,20,95.0,36,510.0,6.0,the first heat treatment is Solution treatment at 900.0℃ for 1.0 hours. the second heat treatment is Aging at 600.0℃ for 0.167 hours. the third heat treatment is Cold rolling at 20℃ with 95.0% reduction
22,96.11,0.0,0.0,3.8899999999999997,0.0,0.0,0.0,0.0,0.0,0,0.0,,0,0.0,,20,0.0,37,1019.0,16.0,No processing
23,91.91,0.0,0.0,8.09,0.0,0.0,0.0,0.0,0.0,0,0.0,,0,0.0,,20,0.0,37,921.0,25.0,No processing
24,86.2,10.2,0.0,0.0,3.5999999999999996,0.0,0.0,0.0,0.0,0,0.0,,0,0.0,,20,0.0,37,1173.0,6.0,No processing
25,80.15,7.109999999999999,0.0,2.5,4.71,0.0,5.53,0.0,0.0,730,0.5,,0,0.0,,800,65.7,52,973.0,22.0,the first heat treatment is Solution treatment at 730.0℃ for 0.5 hours. the second heat treatment is Hot rolling at 800.0℃ with 65.7% reduction
26,80.15,7.109999999999999,0.0,2.5,4.71,0.0,5.53,0.0,0.0,760,0.5,,0,0.0,,800,65.7,52,953.57,23.0,the first heat treatment is Solution treatment at 760.0℃ for 0.5 hours. the second heat treatment is Hot rolling at 800.0℃ with 65.7% reduction
27,80.15,7.109999999999999,0.0,2.5,4.71,0.0,5.53,0.0,0.0,800,0.5,,0,0.0,,800,65.7,52,875.28,21.92,the first heat treatment is Solution treatment at 800.0℃ for 0.5 hours. the second heat treatment is Hot rolling at 800.0℃ with 65.7% reduction
28,80.15,7.109999999999999,0.0,2.5,4.71,0.0,5.53,0.0,0.0,830,0.5,,0,0.0,,800,65.7,52,867.62,22.9,the first heat treatment is Solution treatment at 830.0℃ for 0.5 hours. the second heat treatment is Hot rolling at 800.0℃ with 65.7% reduction
29,80.15,7.109999999999999,0.0,2.5,4.71,0.0,5.53,0.0,0.0,730,0.5,AC,460,6.0,AC,800,65.7,52,1485.34,10.12,the first heat treatment is Solution treatment at 730.0℃ for 0.5 hours followed by air cooling. the second heat treatment is Aging at 460.0℃ for 6.0 hours followed by air cooling. the third heat treatment is Hot rolling at 800.0℃ with 65.7% reduction
30,80.15,7.109999999999999,0.0,2.5,4.71,0.0,5.53,0.0,0.0,760,0.5,,460,6.0,,800,65.7,52,1572.56,6.18,the first heat treatment is Solution treatment at 760.0℃ for 0.5 hours. the second heat treatment is Aging at 460.0℃ for 6.0 hours. the third heat treatment is Hot rolling at 800.0℃ with 65.7% reduction
31,80.15,7.109999999999999,0.0,2.5,4.71,0.0,5.53,0.0,0.0,800,0.5,,460,6.0,,800,65.7,52,1208.8,10.73,the first heat treatment is Solution treatment at 800.0℃ for 0.5 hours. the second heat treatment is Aging at 460.0℃ for 6.0 hours. the third heat treatment is Hot rolling at 800.0℃ with 65.7% reduction
32,80.15,7.109999999999999,0.0,2.5,4.71,0.0,5.53,0.0,0.0,830,0.5,,460,6.0,,800,65.7,52,1288.17,7.72,the first heat treatment is Solution treatment at 830.0℃ for 0.5 hours. the second heat treatment is Aging at 460.0℃ for 6.0 hours. the third heat treatment is Hot rolling at 800.0℃ with 65.7% reduction
33,80.15,7.109999999999999,0.0,2.5,4.71,0.0,5.53,0.0,0.0,730,0.5,,480,6.0,,800,65.7,52,1475.41,10.18,the first heat treatment is Solution treatment at 730.0℃ for 0.5 hours. the second heat treatment is Aging at 480.0℃ for 6.0 hours. the third heat treatment is Hot rolling at 800.0℃ with 65.7% reduction
34,80.15,7.109999999999999,0.0,2.5,4.71,0.0,5.53,0.0,0.0,760,0.5,,480,6.0,,800,65.7,52,1474.28,8.95,the first heat treatment is Solution treatment at 760.0℃ for 0.5 hours. the second heat treatment is Aging at 480.0℃ for 6.0 hours. the third heat treatment is Hot rolling at 800.0℃ with 65.7% reduction
35,80.15,7.109999999999999,0.0,2.5,4.71,0.0,5.53,0.0,0.0,800,0.5,,480,6.0,,800,65.7,52,1263.42,9.44,the first heat treatment is Solution treatment at 800.0℃ for 0.5 hours. the second heat treatment is Aging at 480.0℃ for 6.0 hours. the third heat treatment is Hot rolling at 800.0℃ with 65.7% reduction
36,80.15,7.109999999999999,0.0,2.5,4.71,0.0,5.53,0.0,0.0,830,0.5,,480,6.0,,800,65.7,52,1216.63,9.9,the first heat treatment is Solution treatment at 830.0℃ for 0.5 hours. the second heat treatment is Aging at 480.0℃ for 6.0 hours. the third heat treatment is Hot rolling at 800.0℃ with 65.7% reduction
37,80.15,7.109999999999999,0.0,2.5,4.71,0.0,5.53,0.0,0.0,730,0.5,,500,6.0,,800,65.7,52,1383.33,13.87,the first heat treatment is Solution treatment at 730.0℃ for 0.5 hours. the second heat treatment is Aging at 500.0℃ for 6.0 hours. the third heat treatment is Hot rolling at 800.0℃ with 65.7% reduction
38,80.15,7.109999999999999,0.0,2.5,4.71,0.0,5.53,0.0,0.0,760,0.5,,500,6.0,,800,65.7,52,1470.05,10.4,the first heat treatment is Solution treatment at 760.0℃ for 0.5 hours. the second heat treatment is Aging at 500.0℃ for 6.0 hours. the third heat treatment is Hot rolling at 800.0℃ with 65.7% reduction
39,80.15,7.109999999999999,0.0,2.5,4.71,0.0,5.53,0.0,0.0,800,0.5,,500,6.0,,800,65.7,52,1400.15,7.52,the first heat treatment is Solution treatment at 800.0℃ for 0.5 hours. the second heat treatment is Aging at 500.0℃ for 6.0 hours. the third heat treatment is Hot rolling at 800.0℃ with 65.7% reduction
40,80.15,7.109999999999999,0.0,2.5,4.71,0.0,5.53,0.0,0.0,830,0.5,,500,6.0,,800,65.7,52,1305.81,7.75,the first heat treatment is Solution treatment at 830.0℃ for 0.5 hours. the second heat treatment is Aging at 500.0℃ for 6.0 hours. the third heat treatment is Hot rolling at 800.0℃ with 65.7% reduction
41,80.15,7.109999999999999,0.0,2.5,4.71,0.0,5.53,0.0,0.0,730,0.5,,520,6.0,,800,65.7,52,1279.66,15.55,the first heat treatment is Solution treatment at 730.0℃ for 0.5 hours. the second heat treatment is Aging at 520.0℃ for 6.0 hours. the third heat treatment is Hot rolling at 800.0℃ with 65.7% reduction
42,80.15,7.109999999999999,0.0,2.5,4.71,0.0,5.53,0.0,0.0,760,0.5,,520,6.0,,800,65.7,52,1366.56,12.97,the first heat treatment is Solution treatment at 760.0℃ for 0.5 hours. the second heat treatment is Aging at 520.0℃ for 6.0 hours. the third heat treatment is Hot rolling at 800.0℃ with 65.7% reduction
43,80.15,7.109999999999999,0.0,2.5,4.71,0.0,5.53,0.0,0.0,800,0.5,,520,6.0,,800,65.7,52,1413.25,8.2,the first heat treatment is Solution treatment at 800.0℃ for 0.5 hours. the second heat treatment is Aging at 520.0℃ for 6.0 hours. the third heat treatment is Hot rolling at 800.0℃ with 65.7% reduction
44,80.15,7.109999999999999,0.0,2.5,4.71,0.0,5.53,0.0,0.0,830,0.5,,520,6.0,,800,65.7,52,1409.09,6.88,the first heat treatment is Solution treatment at 830.0℃ for 0.5 hours. the second heat treatment is Aging at 520.0℃ for 6.0 hours. the third heat treatment is Hot rolling at 800.0℃ with 65.7% reduction
45,95.84,0.0,0.0,4.16,0.0,0.0,0.0,0.0,0.0,900,0.5,,0,0.0,,20,94.0,55,743.0,31.71,the first heat treatment is Solution treatment at 900.0℃ for 0.5 hours. the second heat treatment is Cold rolling at 20℃ with 94.0% reduction
46,94.48,0.0,0.0,4.24,0.0,0.0,0.0,0.0,1.28,900,0.5,,0,0.0,,20,94.0,55,768.0,30.29,the first heat treatment is Solution treatment at 900.0℃ for 0.5 hours. the second heat treatment is Cold rolling at 20℃ with 94.0% reduction
47,93.54,0.0,0.0,4.29,0.0,0.0,0.0,0.0,2.17,900,0.5,,0,0.0,,20,94.0,55,743.0,29.44,the first heat treatment is Solution treatment at 900.0℃ for 0.5 hours. the second heat treatment is Cold rolling at 20℃ with 94.0% reduction
48,92.58,0.0,0.0,4.35,0.0,0.0,0.0,0.0,3.0700000000000003,900,0.5,,0,0.0,,20,94.0,55,738.0,24.527,the first heat treatment is Solution treatment at 900.0℃ for 0.5 hours. the second heat treatment is Cold rolling at 20℃ with 94.0% reduction
49,91.59,0.0,0.0,4.3999999999999995,0.0,0.0,0.0,0.0,4.01,900,0.5,,0,0.0,,20,94.0,55,813.0,10.81,the first heat treatment is Solution treatment at 900.0℃ for 0.5 hours. the second heat treatment is Cold rolling at 20℃ with 94.0% reduction
50,90.58,0.0,0.0,4.46,0.0,0.0,0.0,0.0,4.96,900,0.5,,0,0.0,,20,94.0,55,827.0,6.44,the first heat treatment is Solution treatment at 900.0℃ for 0.5 hours. the second heat treatment is Cold rolling at 20℃ with 94.0% reduction
51,89.53999999999999,0.0,0.0,4.52,0.0,0.0,0.0,0.0,5.94,900,0.5,,0,0.0,,20,94.0,55,899.0,11.11,the first heat treatment is Solution treatment at 900.0℃ for 0.5 hours. the second heat treatment is Cold rolling at 20℃ with 94.0% reduction
52,88.47,0.0,0.0,4.58,0.0,0.0,0.0,0.0,6.950000000000001,900,0.5,,0,0.0,,20,94.0,55,801.0,19.74,the first heat treatment is Solution treatment at 900.0℃ for 0.5 hours. the second heat treatment is Cold rolling at 20℃ with 94.0% reduction
53,52.580000000000005,0.0,26.69,0.0,0.0,20.73,0.0,0.0,0.0,890,1.0,,0,0.0,,20,20.0,71,763.0,8.0,the first heat treatment is Solution treatment at 890.0℃ for 1.0 hours. the second heat treatment is Cold rolling at 20℃ with 20.0% reduction
54,52.580000000000005,0.0,26.69,0.0,0.0,20.73,0.0,0.0,0.0,890,1.0,,0,0.0,,20,56.0,71,776.0,5.0,the first heat treatment is Solution treatment at 890.0℃ for 1.0 hours. the second heat treatment is Cold rolling at 20℃ with 56.0% reduction
55,52.580000000000005,0.0,26.69,0.0,0.0,20.73,0.0,0.0,0.0,890,1.0,,0,0.0,,20,76.0,71,857.0,5.0,the first heat treatment is Solution treatment at 890.0℃ for 1.0 hours. the second heat treatment is Cold rolling at 20℃ with 76.0% reduction
56,52.580000000000005,0.0,26.69,0.0,0.0,20.73,0.0,0.0,0.0,890,1.0,,0,0.0,,20,86.0,71,941.0,4.0,the first heat treatment is Solution treatment at 890.0℃ for 1.0 hours. the second heat treatment is Cold rolling at 20℃ with 86.0% reduction
57,52.580000000000005,0.0,26.69,0.0,0.0,20.73,0.0,0.0,0.0,890,1.0,,890,1.0,,20,86.0,71,633.0,13.0,the first heat treatment is Solution treatment at 890.0℃ for 1.0 hours. the second heat treatment is Aging at 890.0℃ for 1.0 hours. the third heat treatment is Cold rolling at 20℃ with 86.0% reduction
58,84.15,0.0,2.45,0.0,0.0,9.629999999999999,0.0,0.0,3.7699999999999996,850,1.5,,0,0.0,,850,90.0,72,752.0,19.6,the first heat treatment is Solution treatment at 850.0℃ for 1.5 hours. the second heat treatment is Hot rolling at 850.0℃ with 90.0% reduction
59,81.31,0.0,2.5100000000000002,0.0,0.0,12.32,0.0,0.0,3.8600000000000003,850,1.5,,0,0.0,,850,90.0,72,735.0,13.6,the first heat treatment is Solution treatment at 850.0℃ for 1.5 hours. the second heat treatment is Hot rolling at 850.0℃ with 90.0% reduction
60,78.34,0.0,2.5700000000000003,0.0,0.0,15.14,0.0,0.0,3.95,850,1.5,,0,0.0,,850,90.0,72,674.0,12.9,the first heat treatment is Solution treatment at 850.0℃ for 1.5 hours. the second heat treatment is Hot rolling at 850.0℃ with 90.0% reduction
61,75.22999999999999,0.0,2.63,0.0,0.0,18.09,0.0,0.0,4.05,850,1.5,,0,0.0,,850,90.0,72,570.0,22.3,the first heat treatment is Solution treatment at 850.0℃ for 1.5 hours. the second heat treatment is Hot rolling at 850.0℃ with 90.0% reduction
62,68.53,0.0,2.77,0.0,0.0,24.45,0.0,0.0,4.25,850,1.5,,0,0.0,,850,90.0,72,557.0,21.3,the first heat treatment is Solution treatment at 850.0℃ for 1.5 hours. the second heat treatment is Hot rolling at 850.0℃ with 90.0% reduction
63,92.85,0.0,0.0,0.0,0.0,7.1499999999999995,0.0,0.0,0.0,0,0.0,,0,0.0,,20,0.0,73,799.98,5.11,No processing
64,83.31,0.0,0.0,0.0,0.0,16.689999999999998,0.0,0.0,0.0,0,0.0,,0,0.0,,20,0.0,73,778.33,3.03,No processing
65,83.28999999999999,8.84,2.33,2.04,0.0,0.0,1.87,0.8099999999999999,0.8200000000000001,920,0.25,WQ,0,0.0,,20,0.0,89,1025.0,10.96,the first heat treatment is Solution treatment at 920.0℃ for 0.25 hours followed by water quenching
66,83.28999999999999,8.84,2.33,2.04,0.0,0.0,1.87,0.8099999999999999,0.8200000000000001,920,1.0,,0,0.0,,20,0.0,89,1010.0,10.42,the first heat treatment is Solution treatment at 920.0℃ for 1.0 hours
67,83.28999999999999,8.84,2.33,2.04,0.0,0.0,1.87,0.8099999999999999,0.8200000000000001,850,0.25,,0,0.0,,20,0.0,89,1115.0,14.38,the first heat treatment is Solution treatment at 850.0℃ for 0.25 hours
68,83.28999999999999,8.84,2.33,2.04,0.0,0.0,1.87,0.8099999999999999,0.8200000000000001,850,1.0,,0,0.0,,20,0.0,89,1070.0,14.2,the first heat treatment is Solution treatment at 850.0℃ for 1.0 hours
69,84.55,0.0,7.79,0.0,0.0,7.6499999999999995,0.0,0.0,0.0,0,0.0,,0,0.0,,20,0.0,99,849.0,21.0,No processing
70,84.55,0.0,7.79,0.0,0.0,7.6499999999999995,0.0,0.0,0.0,900,1.0,,0,0.0,,20,0.0,99,717.0,37.0,the first heat treatment is Solution treatment at 900.0℃ for 1.0 hours
71,84.55,0.0,7.79,0.0,0.0,7.6499999999999995,0.0,0.0,0.0,660,1.0,,0,0.0,,20,0.0,99,763.0,36.0,the first heat treatment is Solution treatment at 660.0℃ for 1.0 hours
72,91.67,0.0,0.0,0.0,0.0,8.33,0.0,0.0,0.0,900,0.5,,0,0.0,,20,85.0,105,648.0,16.0,the first heat treatment is Solution treatment at 900.0℃ for 0.5 hours. the second heat treatment is Cold rolling at 20℃ with 85.0% reduction
73,80.49,0.0,0.0,0.0,0.0,19.509999999999998,0.0,0.0,0.0,900,0.5,,0,0.0,,20,85.0,105,550.0,22.0,the first heat treatment is Solution treatment at 900.0℃ for 0.5 hours. the second heat treatment is Cold rolling at 20℃ with 85.0% reduction
74,76.0,0.0,0.0,0.0,0.0,24.0,0.0,0.0,0.0,900,0.5,,0,0.0,,20,85.0,105,479.0,41.0,the first heat treatment is Solution treatment at 900.0℃ for 0.5 hours. the second heat treatment is Cold rolling at 20℃ with 85.0% reduction
75,89.36,8.57,0.0,0.0,0.0,0.0,0.0,2.07,0.0,0,0.0,,0,0.0,,20,0.0,107,1020.0,15.0,No processing
76,85.92999999999999,10.51,0.0,0.0,0.0,3.56,0.0,0.0,0.0,0,0.0,,0,0.0,,20,0.0,107,933.0,7.1,No processing
77,74.0,0.0,0.0,0.0,0.0,26.0,0.0,0.0,0.0,900,0.5,,0,0.0,,20,95.0,108,470.0,19.0,the first heat treatment is Solution treatment at 900.0℃ for 0.5 hours. the second heat treatment is Cold rolling at 20℃ with 95.0% reduction
78,74.0,0.0,2.0,0.0,0.0,24.0,0.0,0.0,0.0,900,0.5,,0,0.0,,20,95.0,108,440.0,30.0,the first heat treatment is Solution treatment at 900.0℃ for 0.5 hours. the second heat treatment is Cold rolling at 20℃ with 95.0% reduction
79,74.0,0.0,4.0,0.0,0.0,22.0,0.0,0.0,0.0,900,0.5,,0,0.0,,20,95.0,108,480.0,37.0,the first heat treatment is Solution treatment at 900.0℃ for 0.5 hours. the second heat treatment is Cold rolling at 20℃ with 95.0% reduction
80,74.0,0.0,6.0,0.0,0.0,20.0,0.0,0.0,0.0,900,0.5,,0,0.0,,20,95.0,108,470.0,39.0,the first heat treatment is Solution treatment at 900.0℃ for 0.5 hours. the second heat treatment is Cold rolling at 20℃ with 95.0% reduction
81,74.0,0.0,8.0,0.0,0.0,18.0,0.0,0.0,0.0,900,0.5,,0,0.0,,20,95.0,108,550.0,37.0,the first heat treatment is Solution treatment at 900.0℃ for 0.5 hours. the second heat treatment is Cold rolling at 20℃ with 95.0% reduction
82,74.0,0.0,10.0,0.0,0.0,16.0,0.0,0.0,0.0,900,0.5,,0,0.0,,20,95.0,108,520.0,22.0,the first heat treatment is Solution treatment at 900.0℃ for 0.5 hours. the second heat treatment is Cold rolling at 20℃ with 95.0% reduction
83,57.230000000000004,0.0,18.310000000000002,0.0,0.0,24.45,0.0,0.0,0.0,0,0.0,,0,0.0,,20,0.0,114,839.0,15.0,No processing
84,57.230000000000004,0.0,18.310000000000002,0.0,0.0,24.45,0.0,0.0,0.0,890,1.0,,0,0.0,,20,0.0,114,747.0,12.0,the first heat treatment is Solution treatment at 890.0℃ for 1.0 hours
85,57.230000000000004,0.0,18.310000000000002,0.0,0.0,24.45,0.0,0.0,0.0,890,1.0,,0,0.0,,20,20.0,114,788.0,8.0,the first heat treatment is Solution treatment at 890.0℃ for 1.0 hours. the second heat treatment is Cold rolling at 20℃ with 20.0% reduction
86,57.230000000000004,0.0,18.310000000000002,0.0,0.0,24.45,0.0,0.0,0.0,890,1.0,,0,0.0,,20,56.0,114,895.0,7.0,the first heat treatment is Solution treatment at 890.0℃ for 1.0 hours. the second heat treatment is Cold rolling at 20℃ with 56.0% reduction
87,57.230000000000004,0.0,18.310000000000002,0.0,0.0,24.45,0.0,0.0,0.0,890,1.0,,0,0.0,,20,76.0,114,1015.0,10.0,the first heat treatment is Solution treatment at 890.0℃ for 1.0 hours. the second heat treatment is Cold rolling at 20℃ with 76.0% reduction
88,57.230000000000004,0.0,18.310000000000002,0.0,0.0,24.45,0.0,0.0,0.0,890,1.0,,0,0.0,,20,86.0,114,1071.0,8.0,the first heat treatment is Solution treatment at 890.0℃ for 1.0 hours. the second heat treatment is Cold rolling at 20℃ with 86.0% reduction
89,57.230000000000004,0.0,18.310000000000002,0.0,0.0,24.45,0.0,0.0,0.0,890,1.0,,890,1.0,,20,86.0,114,810.0,18.0,the first heat treatment is Solution treatment at 890.0℃ for 1.0 hours. the second heat treatment is Aging at 890.0℃ for 1.0 hours. the third heat treatment is Cold rolling at 20℃ with 86.0% reduction
90,84.0,0.0,0.0,0.0,0.0,14.000000000000002,0.0,2.0,0.0,850,1.0,,800,1.0,,20,88.0,117,830.58,24.46,the first heat treatment is Solution treatment at 850.0℃ for 1.0 hours. the second heat treatment is Aging at 800.0℃ for 1.0 hours. the third heat treatment is Cold rolling at 20℃ with 88.0% reduction
91,82.0,0.0,0.0,0.0,0.0,16.0,0.0,2.0,0.0,850,1.0,,800,1.0,,20,88.0,117,739.6,24.46,the first heat treatment is Solution treatment at 850.0℃ for 1.0 hours. the second heat treatment is Aging at 800.0℃ for 1.0 hours. the third heat treatment is Cold rolling at 20℃ with 88.0% reduction
92,80.0,0.0,0.0,0.0,0.0,18.0,0.0,2.0,0.0,850,1.0,,800,1.0,,20,88.0,117,675.21,20.5,the first heat treatment is Solution treatment at 850.0℃ for 1.0 hours. the second heat treatment is Aging at 800.0℃ for 1.0 hours. the third heat treatment is Cold rolling at 20℃ with 88.0% reduction
93,78.0,0.0,0.0,0.0,0.0,20.0,0.0,2.0,0.0,850,1.0,,800,1.0,,20,88.0,117,610.08,17.91,the first heat treatment is Solution treatment at 850.0℃ for 1.0 hours. the second heat treatment is Aging at 800.0℃ for 1.0 hours. the third heat treatment is Cold rolling at 20℃ with 88.0% reduction
94,76.0,0.0,0.0,0.0,0.0,22.0,0.0,2.0,0.0,850,1.0,,800,1.0,,20,88.0,117,573.68,14.17,the first heat treatment is Solution treatment at 850.0℃ for 1.0 hours. the second heat treatment is Aging at 800.0℃ for 1.0 hours. the third heat treatment is Cold rolling at 20℃ with 88.0% reduction
95,74.0,0.0,0.0,0.0,0.0,24.0,0.0,2.0,0.0,850,1.0,,800,1.0,,20,88.0,117,545.9,21.0,the first heat treatment is Solution treatment at 850.0℃ for 1.0 hours. the second heat treatment is Aging at 800.0℃ for 1.0 hours. the third heat treatment is Cold rolling at 20℃ with 88.0% reduction
96,84.55,0.0,7.79,0.0,0.0,7.6499999999999995,0.0,0.0,0.0,800,1.0,,0,0.0,,800,35.0,123,742.1,20.19,the first heat treatment is Solution treatment at 800.0℃ for 1.0 hours. the second heat treatment is Hot rolling at 800.0℃ with 35.0% reduction
97,84.55,0.0,7.79,0.0,0.0,7.6499999999999995,0.0,0.0,0.0,800,1.0,,500,5.0,,800,35.0,123,1047.0,4.0,the first heat treatment is Solution treatment at 800.0℃ for 1.0 hours. the second heat treatment is Aging at 500.0℃ for 5.0 hours. the third heat treatment is Hot rolling at 800.0℃ with 35.0% reduction
98,84.55,0.0,7.79,0.0,0.0,7.6499999999999995,0.0,0.0,0.0,650,1.0,,0,0.0,,800,35.0,123,804.27,16.97,the first heat treatment is Solution treatment at 650.0℃ for 1.0 hours. the second heat treatment is Hot rolling at 800.0℃ with 35.0% reduction
99,84.55,0.0,7.79,0.0,0.0,7.6499999999999995,0.0,0.0,0.0,650,1.0,,500,5.0,,800,35.0,123,881.0,8.0,the first heat treatment is Solution treatment at 650.0℃ for 1.0 hours. the second heat treatment is Aging at 500.0℃ for 5.0 hours. the third heat treatment is Hot rolling at 800.0℃ with 35.0% reduction
100,84.55,0.0,7.79,0.0,0.0,7.6499999999999995,0.0,0.0,0.0,700,1.0,,0,0.0,,650,36.0,123,796.25,20.19,the first heat treatment is Solution treatment at 700.0℃ for 1.0 hours. the second heat treatment is Hot rolling at 650.0℃ with 36.0% reduction
101,84.55,0.0,7.79,0.0,0.0,7.6499999999999995,0.0,0.0,0.0,700,1.0,,500,5.0,,650,37.0,123,1000.0,12.0,the first heat treatment is Solution treatment at 700.0℃ for 1.0 hours. the second heat treatment is Aging at 500.0℃ for 5.0 hours. the third heat treatment is Hot rolling at 650.0℃ with 37.0% reduction
102,84.55,0.0,7.79,0.0,0.0,7.6499999999999995,0.0,0.0,0.0,650,1.0,,0,0.0,,650,38.0,123,761.03,13.04,the first heat treatment is Solution treatment at 650.0℃ for 1.0 hours. the second heat treatment is Hot rolling at 650.0℃ with 38.0% reduction
103,84.55,0.0,7.79,0.0,0.0,7.6499999999999995,0.0,0.0,0.0,650,1.0,,500,5.0,,650,39.0,123,853.0,15.0,the first heat treatment is Solution treatment at 650.0℃ for 1.0 hours. the second heat treatment is Aging at 500.0℃ for 5.0 hours. the third heat treatment is Hot rolling at 650.0℃ with 39.0% reduction
104,72.85000000000001,0.0,3.9600000000000004,3.1300000000000003,0.0,20.06,0.0,0.0,0.0,0,0.0,,0,0.0,,600,75.0,129,672.0,26.7,the first heat treatment is Hot rolling at 600.0℃ with 75.0% reduction
105,72.85000000000001,0.0,3.9600000000000004,3.1300000000000003,0.0,20.06,0.0,0.0,0.0,800,0.5,,300,2.0,,600,75.0,129,747.0,20.6,the first heat treatment is Solution treatment at 800.0℃ for 0.5 hours. the second heat treatment is Aging at 300.0℃ for 2.0 hours. the third heat treatment is Hot rolling at 600.0℃ with 75.0% reduction
106,73.05,0.0,4.49,0.0,0.0,21.09,0.0,0.0,1.37,1000,1.0,,0,0.0,,20,0.0,132,562.0,20.1,the first heat treatment is Solution treatment at 1000.0℃ for 1.0 hours
107,73.05,0.0,4.49,0.0,0.0,21.09,0.0,0.0,1.37,1000,1.0,,0,0.0,,20,50.0,132,719.0,16.8,the first heat treatment is Solution treatment at 1000.0℃ for 1.0 hours. the second heat treatment is Cold rolling at 20℃ with 50.0% reduction
108,73.05,0.0,4.49,0.0,0.0,21.09,0.0,0.0,1.37,1000,1.0,,0,0.0,,20,90.0,132,883.0,14.9,the first heat treatment is Solution treatment at 1000.0℃ for 1.0 hours. the second heat treatment is Cold rolling at 20℃ with 90.0% reduction
109,81.67,0.0,0.0,1.18,0.0,15.24,0.0,0.0,1.91,750,1.0,,475,0.25,,20,70.0,136,1113.0,3.61,the first heat treatment is Solution treatment at 750.0℃ for 1.0 hours. the second heat treatment is Aging at 475.0℃ for 0.25 hours. the third heat treatment is Cold rolling at 20℃ with 70.0% reduction
110,76.0,0.0,0.0,0.0,0.0,24.0,0.0,0.0,0.0,800,1.0,,0,0.0,,20,85.0,137,411.0,30.69,the first heat treatment is Solution treatment at 800.0℃ for 1.0 hours. the second heat treatment is Cold rolling at 20℃ with 85.0% reduction
111,77.0,0.0,0.0,0.0,0.0,22.0,1.0,0.0,0.0,800,1.0,,0,0.0,,20,85.0,137,503.0,27.53,the first heat treatment is Solution treatment at 800.0℃ for 1.0 hours. the second heat treatment is Cold rolling at 20℃ with 85.0% reduction
112,78.0,0.0,0.0,0.0,0.0,20.0,2.0,0.0,0.0,800,1.0,,0,0.0,,20,85.0,137,474.0,21.74,the first heat treatment is Solution treatment at 800.0℃ for 1.0 hours. the second heat treatment is Cold rolling at 20℃ with 85.0% reduction
113,79.0,0.0,0.0,0.0,0.0,18.0,3.0,0.0,0.0,800,1.0,,0,0.0,,20,85.0,137,523.0,21.29,the first heat treatment is Solution treatment at 800.0℃ for 1.0 hours. the second heat treatment is Cold rolling at 20℃ with 85.0% reduction
114,80.0,0.0,0.0,0.0,0.0,16.0,4.0,0.0,0.0,800,1.0,,0,0.0,,20,85.0,137,557.0,14.49,the first heat treatment is Solution treatment at 800.0℃ for 1.0 hours. the second heat treatment is Cold rolling at 20℃ with 85.0% reduction
115,81.0,0.0,0.0,0.0,0.0,14.000000000000002,5.0,0.0,0.0,800,1.0,,0,0.0,,20,85.0,137,603.0,15.56,the first heat treatment is Solution treatment at 800.0℃ for 1.0 hours. the second heat treatment is Cold rolling at 20℃ with 85.0% reduction
116,94.74000000000001,0.0,0.0,5.26,0.0,0.0,0.0,0.0,0.0,0,0.0,,0,0.0,,20,0.0,139,662.99,0.71,No processing
117,94.28999999999999,0.0,0.0,5.71,0.0,0.0,0.0,0.0,0.0,0,0.0,,0,0.0,,20,0.0,139,885.45,0.35,No processing
118,93.13,0.0,0.0,6.87,0.0,0.0,0.0,0.0,0.0,0,0.0,,0,0.0,,20,0.0,139,643.1,0.09,No processing
119,91.62,0.0,0.0,8.38,0.0,0.0,0.0,0.0,0.0,0,0.0,,0,0.0,,20,0.0,139,593.48,0.14,No processing
120,80.0,0.0,0.0,0.0,0.0,20.0,0.0,0.0,0.0,0,0.0,,0,0.0,,20,90.0,152,779.0,6.2,the first heat treatment is Cold rolling at 20℃ with 90.0% reduction
121,80.0,0.0,0.0,0.0,0.0,20.0,0.0,0.0,0.0,750,1.0,,0,0.0,,20,91.0,152,503.0,25.8,the first heat treatment is Solution treatment at 750.0℃ for 1.0 hours. the second heat treatment is Cold rolling at 20℃ with 91.0% reduction
122,80.0,0.0,0.0,0.0,0.0,20.0,0.0,0.0,0.0,850,1.0,,0,0.0,,20,92.0,152,608.0,24.9,the first heat treatment is Solution treatment at 850.0℃ for 1.0 hours. the second heat treatment is Cold rolling at 20℃ with 92.0% reduction
123,80.0,0.0,0.0,0.0,0.0,20.0,0.0,0.0,0.0,950,1.0,,0,0.0,,20,93.0,152,623.0,16.9,the first heat treatment is Solution treatment at 950.0℃ for 1.0 hours. the second heat treatment is Cold rolling at 20℃ with 93.0% reduction
124,70.0,0.0,0.0,0.0,0.0,30.0,0.0,0.0,0.0,0,0.0,,0,0.0,,20,94.0,152,561.0,3.5,the first heat treatment is Cold rolling at 20℃ with 94.0% reduction
125,70.0,0.0,0.0,0.0,0.0,30.0,0.0,0.0,0.0,750,1.0,,0,0.0,,20,95.0,152,449.0,24.0,the first heat treatment is Solution treatment at 750.0℃ for 1.0 hours. the second heat treatment is Cold rolling at 20℃ with 95.0% reduction
126,70.0,0.0,0.0,0.0,0.0,30.0,0.0,0.0,0.0,850,1.0,,0,0.0,,20,96.0,152,493.0,21.1,the first heat treatment is Solution treatment at 850.0℃ for 1.0 hours. the second heat treatment is Cold rolling at 20℃ with 96.0% reduction
127,70.0,0.0,0.0,0.0,0.0,30.0,0.0,0.0,0.0,950,1.0,,0,0.0,,20,97.0,152,587.0,17.1,the first heat treatment is Solution treatment at 950.0℃ for 1.0 hours. the second heat treatment is Cold rolling at 20℃ with 97.0% reduction
128,62.7,0.0,6.4399999999999995,4.08,0.0,24.58,0.0,0.0,2.1999999999999997,800,0.5,,0,0.0,,20,0.0,154,797.0,14.12,the first heat treatment is Solution treatment at 800.0℃ for 0.5 hours
129,62.7,0.0,6.4399999999999995,4.08,0.0,24.58,0.0,0.0,2.1999999999999997,800,0.5,,0,0.0,,20,23.0,154,857.0,12.41,the first heat treatment is Solution treatment at 800.0℃ for 0.5 hours. the second heat treatment is Cold rolling at 20℃ with 23.0% reduction
130,62.7,0.0,6.4399999999999995,4.08,0.0,24.58,0.0,0.0,2.1999999999999997,800,0.5,,0,0.0,,20,44.0,154,935.0,8.9,the first heat treatment is Solution treatment at 800.0℃ for 0.5 hours. the second heat treatment is Cold rolling at 20℃ with 44.0% reduction
131,62.7,0.0,6.4399999999999995,4.08,0.0,24.58,0.0,0.0,2.1999999999999997,800,0.5,,0,0.0,,20,66.0,154,1009.0,7.98,the first heat treatment is Solution treatment at 800.0℃ for 0.5 hours. the second heat treatment is Cold rolling at 20℃ with 66.0% reduction
132,62.7,0.0,6.4399999999999995,4.08,0.0,24.58,0.0,0.0,2.1999999999999997,800,0.5,,0,0.0,,20,85.0,154,1110.0,4.42,the first heat treatment is Solution treatment at 800.0℃ for 0.5 hours. the second heat treatment is Cold rolling at 20℃ with 85.0% reduction
133,70.0,0.0,19.0,0.0,0.0,10.0,0.0,1.0,0.0,0,0.0,,0,0.0,,20,75.0,155,980.0,2.5,the first heat treatment is Cold rolling at 20℃ with 75.0% reduction
134,70.0,0.0,19.0,0.0,0.0,10.0,0.0,1.0,0.0,900,1.0,,550,0.5,,20,75.0,155,794.0,5.0,the first heat treatment is Solution treatment at 900.0℃ for 1.0 hours. the second heat treatment is Aging at 550.0℃ for 0.5 hours. the third heat treatment is Cold rolling at 20℃ with 75.0% reduction
135,70.0,0.0,19.0,0.0,0.0,10.0,0.0,1.0,0.0,900,1.0,,600,0.5,,20,75.0,155,703.0,24.8,the first heat treatment is Solution treatment at 900.0℃ for 1.0 hours. the second heat treatment is Aging at 600.0℃ for 0.5 hours. the third heat treatment is Cold rolling at 20℃ with 75.0% reduction
136,70.0,0.0,19.0,0.0,0.0,10.0,0.0,1.0,0.0,900,1.0,,700,0.5,AC,20,75.0,155,711.0,22.0,the first heat treatment is Solution treatment at 900.0℃ for 1.0 hours. the second heat treatment is Aging at 700.0℃ for 0.5 hours followed by air cooling. the third heat treatment is Cold rolling at 20℃ with 75.0% reduction
137,70.0,0.0,19.0,0.0,0.0,10.0,0.0,1.0,0.0,900,1.0,,900,0.5,,20,75.0,155,691.0,19.4,the first heat treatment is Solution treatment at 900.0℃ for 1.0 hours. the second heat treatment is Aging at 900.0℃ for 0.5 hours. the third heat treatment is Cold rolling at 20℃ with 75.0% reduction
138,88.85,0.0,0.0,0.0,0.0,0.0,11.15,0.0,0.0,850,1.0,,0,0.0,,1100,70.0,158,754.0,13.31,the first heat treatment is Solution treatment at 850.0℃ for 1.0 hours. the second heat treatment is Hot rolling at 1100.0℃ with 70.0% reduction
139,91.91,0.0,0.0,8.09,0.0,0.0,0.0,0.0,0.0,850,1.0,,0,0.0,,1000,70.0,159,669.0,45.57,the first heat treatment is Solution treatment at 850.0℃ for 1.0 hours. the second heat treatment is Hot rolling at 1000.0℃ with 70.0% reduction
140,91.32000000000001,0.0,0.0,8.68,0.0,0.0,0.0,0.0,0.0,850,1.0,,0,0.0,,1000,70.0,159,687.0,38.55,the first heat treatment is Solution treatment at 850.0℃ for 1.0 hours. the second heat treatment is Hot rolling at 1000.0℃ with 70.0% reduction
141,90.73,0.0,0.0,9.27,0.0,0.0,0.0,0.0,0.0,850,1.0,,0,0.0,,1000,70.0,159,722.0,23.82,the first heat treatment is Solution treatment at 850.0℃ for 1.0 hours. the second heat treatment is Hot rolling at 1000.0℃ with 70.0% reduction
142,90.13,0.0,0.0,9.87,0.0,0.0,0.0,0.0,0.0,850,1.0,,0,0.0,,1000,70.0,159,778.0,15.54,the first heat treatment is Solution treatment at 850.0℃ for 1.0 hours. the second heat treatment is Hot rolling at 1000.0℃ with 70.0% reduction
143,90.72,0.0,0.0,0.0,0.0,0.0,9.28,0.0,0.0,850,1.0,,0,0.0,,1000,70.0,162,863.0,18.99,the first heat treatment is Solution treatment at 850.0℃ for 1.0 hours. the second heat treatment is Hot rolling at 1000.0℃ with 70.0% reduction
144,89.78,0.0,0.0,0.0,0.0,0.0,10.22,0.0,0.0,850,1.0,,0,0.0,,1000,70.0,162,833.0,16.84,the first heat treatment is Solution treatment at 850.0℃ for 1.0 hours. the second heat treatment is Hot rolling at 1000.0℃ with 70.0% reduction
145,88.85,0.0,0.0,0.0,0.0,0.0,11.15,0.0,0.0,850,1.0,,0,0.0,,1000,70.0,162,753.0,13.29,the first heat treatment is Solution treatment at 850.0℃ for 1.0 hours. the second heat treatment is Hot rolling at 1000.0℃ with 70.0% reduction
146,87.91,0.0,0.0,0.0,0.0,0.0,12.09,0.0,0.0,850,1.0,,0,0.0,,1000,70.0,162,785.0,12.58,the first heat treatment is Solution treatment at 850.0℃ for 1.0 hours. the second heat treatment is Hot rolling at 1000.0℃ with 70.0% reduction
147,86.97,0.0,0.0,0.0,0.0,0.0,13.03,0.0,0.0,850,1.0,,0,0.0,,1000,70.0,162,789.0,13.49,the first heat treatment is Solution treatment at 850.0℃ for 1.0 hours. the second heat treatment is Hot rolling at 1000.0℃ with 70.0% reduction
148,78.09,0.0,18.91,3.0,0.0,0.0,0.0,0.0,0.0,850,1.0,,0,0.0,,1000,70.0,163,762.0,18.32,the first heat treatment is Solution treatment at 850.0℃ for 1.0 hours. the second heat treatment is Hot rolling at 1000.0℃ with 70.0% reduction
149,77.35,0.0,19.03,3.62,0.0,0.0,0.0,0.0,0.0,850,1.0,,0,0.0,,1000,70.0,163,723.0,33.32,the first heat treatment is Solution treatment at 850.0℃ for 1.0 hours. the second heat treatment is Hot rolling at 1000.0℃ with 70.0% reduction
150,76.61,0.0,19.139999999999997,4.25,0.0,0.0,0.0,0.0,0.0,850,1.0,,0,0.0,,1000,70.0,163,782.0,18.85,the first heat treatment is Solution treatment at 850.0℃ for 1.0 hours. the second heat treatment is Hot rolling at 1000.0℃ with 70.0% reduction
151,82.65,0.0,0.0,0.0,0.0,15.379999999999999,0.0,1.97,0.0,800,1.0,,0,0.0,,20,84.0,167,739.0,24.0,the first heat treatment is Solution treatment at 800.0℃ for 1.0 hours. the second heat treatment is Cold rolling at 20℃ with 84.0% reduction
152,81.47,0.0,0.0,0.0,0.0,15.590000000000002,0.0,2.0,0.9400000000000001,800,1.0,,0,0.0,,20,84.0,167,679.0,25.15,the first heat treatment is Solution treatment at 800.0℃ for 1.0 hours. the second heat treatment is Cold rolling at 20℃ with 84.0% reduction
153,80.25999999999999,0.0,0.0,0.0,0.0,15.809999999999999,0.0,2.02,1.91,800,1.0,,0,0.0,,20,84.0,167,622.0,19.04,the first heat treatment is Solution treatment at 800.0℃ for 1.0 hours. the second heat treatment is Cold rolling at 20℃ with 84.0% reduction
154,79.01,0.0,0.0,0.0,0.0,16.04,0.0,2.0500000000000003,2.9000000000000004,800,1.0,,0,0.0,,20,84.0,167,577.0,28.77,the first heat treatment is Solution treatment at 800.0℃ for 1.0 hours. the second heat treatment is Cold rolling at 20℃ with 84.0% reduction
155,77.73,0.0,0.0,0.0,0.0,16.27,0.0,2.08,3.92,800,1.0,,0,0.0,,20,84.0,167,582.0,23.78,the first heat treatment is Solution treatment at 800.0℃ for 1.0 hours. the second heat treatment is Cold rolling at 20℃ with 84.0% reduction
156,79.24,0.0,0.0,0.0,0.0,19.79,0.0,0.0,0.97,950,0.5,,0,0.0,,20,0.0,170,780.0,32.0,the first heat treatment is Solution treatment at 950.0℃ for 0.5 hours
157,79.24,0.0,0.0,0.0,0.0,19.79,0.0,0.0,0.97,950,0.5,,500,6.0,,20,0.0,170,1070.0,8.0,the first heat treatment is Solution treatment at 950.0℃ for 0.5 hours. the second heat treatment is Aging at 500.0℃ for 6.0 hours
158,79.24,0.0,0.0,0.0,0.0,19.79,0.0,0.0,0.97,950,0.5,,600,6.0,,20,0.0,170,685.0,7.0,the first heat treatment is Solution treatment at 950.0℃ for 0.5 hours. the second heat treatment is Aging at 600.0℃ for 6.0 hours
159,81.43,8.92,0.53,2.5100000000000002,4.72,1.04,0.0,0.86,0.0,760,8.0,AC,620,8.0,AC,20,0.0,Materials | Free Full-Text | Impact of Heat Treatment on the Mechanical Properties and Fracture Morphology of Ti555211 Alloy (mdpi.com),1091.0,21.5,the first heat treatment is Solution treatment at 760.0℃ for 8.0 hours followed by air cooling. the second heat treatment is Aging at 620.0℃ for 8.0 hours followed by air cooling
160,81.43,8.92,0.53,2.5100000000000002,4.72,1.04,0.0,0.86,0.0,800,8.0,,620,8.0,,20,0.0,Materials | Free Full-Text | Impact of Heat Treatment on the Mechanical Properties and Fracture Morphology of Ti555211 Alloy (mdpi.com),1170.0,17.5,the first heat treatment is Solution treatment at 800.0℃ for 8.0 hours. the second heat treatment is Aging at 620.0℃ for 8.0 hours
161,81.43,8.92,0.53,2.5100000000000002,4.72,1.04,0.0,0.86,0.0,840,8.0,,620,8.0,,20,0.0,Materials | Free Full-Text | Impact of Heat Treatment on the Mechanical Properties and Fracture Morphology of Ti555211 Alloy (mdpi.com),1306.0,11.5,the first heat treatment is Solution treatment at 840.0℃ for 8.0 hours. the second heat treatment is Aging at 620.0℃ for 8.0 hours
162,81.43,8.92,0.53,2.5100000000000002,4.72,1.04,0.0,0.86,0.0,820,2.0,,560,12.0,,20,0.0,Materials | Free Full-Text | Impact of Heat Treatment on the Mechanical Properties and Fracture Morphology of Ti555211 Alloy (mdpi.com),1404.0,11.0,the first heat treatment is Solution treatment at 820.0℃ for 2.0 hours. the second heat treatment is Aging at 560.0℃ for 12.0 hours
163,82.31,8.799999999999999,0.0,2.4699999999999998,4.66,0.0,0.91,0.8500000000000001,0.0,710,2.0,AC,500,3.0,AC,20,0.0,热处理对TC18钛合金组织定量分析及性能影响规律研究 - 中国知网 (cnki.net),1219.15,13.12,the first heat treatment is Solution treatment at 710.0℃ for 2.0 hours followed by air cooling. the second heat treatment is Aging at 500.0℃ for 3.0 hours followed by air cooling
164,82.31,8.799999999999999,0.0,2.4699999999999998,4.66,0.0,0.91,0.8500000000000001,0.0,720,2.0,,500,3.0,,20,0.0,热处理对TC19钛合金组织定量分析及性能影响规律研究 - 中国知网 (cnki.net),1234.01,12.57,the first heat treatment is Solution treatment at 720.0℃ for 2.0 hours. the second heat treatment is Aging at 500.0℃ for 3.0 hours
165,82.31,8.799999999999999,0.0,2.4699999999999998,4.66,0.0,0.91,0.8500000000000001,0.0,730,2.0,,500,3.0,,20,0.0,热处理对TC20钛合金组织定量分析及性能影响规律研究 - 中国知网 (cnki.net),1241.76,11.55,the first heat treatment is Solution treatment at 730.0℃ for 2.0 hours. the second heat treatment is Aging at 500.0℃ for 3.0 hours
166,82.31,8.799999999999999,0.0,2.4699999999999998,4.66,0.0,0.91,0.8500000000000001,0.0,740,2.0,,500,3.0,,20,0.0,热处理对TC21钛合金组织定量分析及性能影响规律研究 - 中国知网 (cnki.net),1276.29,10.4,the first heat treatment is Solution treatment at 740.0℃ for 2.0 hours. the second heat treatment is Aging at 500.0℃ for 3.0 hours
167,82.31,8.799999999999999,0.0,2.4699999999999998,4.66,0.0,0.91,0.8500000000000001,0.0,750,2.0,,500,3.0,,20,0.0,热处理对TC22钛合金组织定量分析及性能影响规律研究 - 中国知网 (cnki.net),1309.59,8.33,the first heat treatment is Solution treatment at 750.0℃ for 2.0 hours. the second heat treatment is Aging at 500.0℃ for 3.0 hours
168,82.31,8.799999999999999,0.0,2.4699999999999998,4.66,0.0,0.91,0.8500000000000001,0.0,760,2.0,,500,3.0,,20,0.0,热处理对TC23钛合金组织定量分析及性能影响规律研究 - 中国知网 (cnki.net),1362.37,5.9,the first heat treatment is Solution treatment at 760.0℃ for 2.0 hours. the second heat treatment is Aging at 500.0℃ for 3.0 hours
169,82.31,8.799999999999999,0.0,2.4699999999999998,4.66,0.0,0.91,0.8500000000000001,0.0,770,2.0,,500,3.0,,20,0.0,热处理对TC24钛合金组织定量分析及性能影响规律研究 - 中国知网 (cnki.net),1415.95,5.05,the first heat treatment is Solution treatment at 770.0℃ for 2.0 hours. the second heat treatment is Aging at 500.0℃ for 3.0 hours
170,82.31,8.799999999999999,0.0,2.4699999999999998,4.66,0.0,0.91,0.8500000000000001,0.0,780,2.0,,500,3.0,,20,0.0,热处理对TC25钛合金组织定量分析及性能影响规律研究 - 中国知网 (cnki.net),1436.27,3.93,the first heat treatment is Solution treatment at 780.0℃ for 2.0 hours. the second heat treatment is Aging at 500.0℃ for 3.0 hours
171,82.31,8.799999999999999,0.0,2.4699999999999998,4.66,0.0,0.91,0.8500000000000001,0.0,790,2.0,,500,3.0,,20,0.0,热处理对TC26钛合金组织定量分析及性能影响规律研究 - 中国知网 (cnki.net),1446.05,3.65,the first heat treatment is Solution treatment at 790.0℃ for 2.0 hours. the second heat treatment is Aging at 500.0℃ for 3.0 hours
172,82.31,8.799999999999999,0.0,2.4699999999999998,4.66,0.0,0.91,0.8500000000000001,0.0,800,2.0,,500,3.0,,20,0.0,热处理对TC27钛合金组织定量分析及性能影响规律研究 - 中国知网 (cnki.net),1454.21,3.63,the first heat treatment is Solution treatment at 800.0℃ for 2.0 hours. the second heat treatment is Aging at 500.0℃ for 3.0 hours
173,82.31,8.799999999999999,0.0,2.4699999999999998,4.66,0.0,0.91,0.8500000000000001,0.0,810,2.0,,500,3.0,,20,0.0,热处理对TC28钛合金组织定量分析及性能影响规律研究 - 中国知网 (cnki.net),1460.74,3.61,the first heat treatment is Solution treatment at 810.0℃ for 2.0 hours. the second heat treatment is Aging at 500.0℃ for 3.0 hours
174,82.31,8.799999999999999,0.0,2.4699999999999998,4.66,0.0,0.91,0.8500000000000001,0.0,820,2.0,,500,3.0,,20,0.0,热处理对TC29钛合金组织定量分析及性能影响规律研究 - 中国知网 (cnki.net),1460.8,3.33,the first heat treatment is Solution treatment at 820.0℃ for 2.0 hours. the second heat treatment is Aging at 500.0℃ for 3.0 hours
175,82.31,8.799999999999999,0.0,2.4699999999999998,4.66,0.0,0.91,0.8500000000000001,0.0,830,2.0,,500,3.0,,20,0.0,热处理对TC30钛合金组织定量分析及性能影响规律研究 - 中国知网 (cnki.net),1469.76,3.54,the first heat treatment is Solution treatment at 830.0℃ for 2.0 hours. the second heat treatment is Aging at 500.0℃ for 3.0 hours
176,82.31,8.799999999999999,0.0,2.4699999999999998,4.66,0.0,0.91,0.8500000000000001,0.0,840,2.0,,500,3.0,,20,0.0,热处理对TC31钛合金组织定量分析及性能影响规律研究 - 中国知网 (cnki.net),1473.05,3.35,the first heat treatment is Solution treatment at 840.0℃ for 2.0 hours. the second heat treatment is Aging at 500.0℃ for 3.0 hours
177,82.31,8.799999999999999,0.0,2.4699999999999998,4.66,0.0,0.91,0.8500000000000001,0.0,850,2.0,,500,3.0,,20,0.0,热处理对TC32钛合金组织定量分析及性能影响规律研究 - 中国知网 (cnki.net),1482.83,3.26,the first heat treatment is Solution treatment at 850.0℃ for 2.0 hours. the second heat treatment is Aging at 500.0℃ for 3.0 hours
178,82.31,8.799999999999999,0.0,2.4699999999999998,4.66,0.0,0.91,0.8500000000000001,0.0,860,2.0,,500,3.0,,20,0.0,热处理对TC33钛合金组织定量分析及性能影响规律研究 - 中国知网 (cnki.net),1492.81,3.22,the first heat treatment is Solution treatment at 860.0℃ for 2.0 hours. the second heat treatment is Aging at 500.0℃ for 3.0 hours
179,82.31,8.799999999999999,0.0,2.4699999999999998,4.66,0.0,0.91,0.8500000000000001,0.0,710,2.0,,550,3.0,,20,0.0,热处理对TC34钛合金组织定量分析及性能影响规律研究 - 中国知网 (cnki.net),1056.45,12.63,the first heat treatment is Solution treatment at 710.0℃ for 2.0 hours. the second heat treatment is Aging at 550.0℃ for 3.0 hours
180,82.31,8.799999999999999,0.0,2.4699999999999998,4.66,0.0,0.91,0.8500000000000001,0.0,720,2.0,,550,3.0,,20,0.0,热处理对TC35钛合金组织定量分析及性能影响规律研究 - 中国知网 (cnki.net),1055.99,10.37,the first heat treatment is Solution treatment at 720.0℃ for 2.0 hours. the second heat treatment is Aging at 550.0℃ for 3.0 hours
181,82.31,8.799999999999999,0.0,2.4699999999999998,4.66,0.0,0.91,0.8500000000000001,0.0,730,2.0,,550,3.0,,20,0.0,热处理对TC36钛合金组织定量分析及性能影响规律研究 - 中国知网 (cnki.net),1160.26,9.72,the first heat treatment is Solution treatment at 730.0℃ for 2.0 hours. the second heat treatment is Aging at 550.0℃ for 3.0 hours
182,82.31,8.799999999999999,0.0,2.4699999999999998,4.66,0.0,0.91,0.8500000000000001,0.0,740,2.0,,550,3.0,,20,0.0,热处理对TC37钛合金组织定量分析及性能影响规律研究 - 中国知网 (cnki.net),1200.71,9.0,the first heat treatment is Solution treatment at 740.0℃ for 2.0 hours. the second heat treatment is Aging at 550.0℃ for 3.0 hours
183,82.31,8.799999999999999,0.0,2.4699999999999998,4.66,0.0,0.91,0.8500000000000001,0.0,750,2.0,,550,3.0,,20,0.0,热处理对TC38钛合金组织定量分析及性能影响规律研究 - 中国知网 (cnki.net),1251.85,6.66,the first heat treatment is Solution treatment at 750.0℃ for 2.0 hours. the second heat treatment is Aging at 550.0℃ for 3.0 hours
184,82.31,8.799999999999999,0.0,2.4699999999999998,4.66,0.0,0.91,0.8500000000000001,0.0,760,2.0,,550,3.0,,20,0.0,热处理对TC39钛合金组织定量分析及性能影响规律研究 - 中国知网 (cnki.net),1257.15,5.02,the first heat treatment is Solution treatment at 760.0℃ for 2.0 hours. the second heat treatment is Aging at 550.0℃ for 3.0 hours
185,82.31,8.799999999999999,0.0,2.4699999999999998,4.66,0.0,0.91,0.8500000000000001,0.0,770,2.0,,550,3.0,,20,0.0,热处理对TC40钛合金组织定量分析及性能影响规律研究 - 中国知网 (cnki.net),1284.99,4.4,the first heat treatment is Solution treatment at 770.0℃ for 2.0 hours. the second heat treatment is Aging at 550.0℃ for 3.0 hours
186,82.31,8.799999999999999,0.0,2.4699999999999998,4.66,0.0,0.91,0.8500000000000001,0.0,780,2.0,,550,3.0,,20,0.0,热处理对TC41钛合金组织定量分析及性能影响规律研究 - 中国知网 (cnki.net),1300.61,3.44,the first heat treatment is Solution treatment at 780.0℃ for 2.0 hours. the second heat treatment is Aging at 550.0℃ for 3.0 hours
187,82.31,8.799999999999999,0.0,2.4699999999999998,4.66,0.0,0.91,0.8500000000000001,0.0,790,2.0,,550,3.0,,20,0.0,热处理对TC42钛合金组织定量分析及性能影响规律研究 - 中国知网 (cnki.net),1336.48,3.24,the first heat treatment is Solution treatment at 790.0℃ for 2.0 hours. the second heat treatment is Aging at 550.0℃ for 3.0 hours
188,82.31,8.799999999999999,0.0,2.4699999999999998,4.66,0.0,0.91,0.8500000000000001,0.0,800,2.0,,550,3.0,,20,0.0,热处理对TC43钛合金组织定量分析及性能影响规律研究 - 中国知网 (cnki.net),1377.68,3.52,the first heat treatment is Solution treatment at 800.0℃ for 2.0 hours. the second heat treatment is Aging at 550.0℃ for 3.0 hours
189,82.31,8.799999999999999,0.0,2.4699999999999998,4.66,0.0,0.91,0.8500000000000001,0.0,810,2.0,,550,3.0,,20,0.0,热处理对TC44钛合金组织定量分析及性能影响规律研究 - 中国知网 (cnki.net),1354.34,3.52,the first heat treatment is Solution treatment at 810.0℃ for 2.0 hours. the second heat treatment is Aging at 550.0℃ for 3.0 hours
190,82.31,8.799999999999999,0.0,2.4699999999999998,4.66,0.0,0.91,0.8500000000000001,0.0,820,2.0,,550,3.0,,20,0.0,热处理对TC45钛合金组织定量分析及性能影响规律研究 - 中国知网 (cnki.net),1361.94,3.24,the first heat treatment is Solution treatment at 820.0℃ for 2.0 hours. the second heat treatment is Aging at 550.0℃ for 3.0 hours
191,82.31,8.799999999999999,0.0,2.4699999999999998,4.66,0.0,0.91,0.8500000000000001,0.0,830,2.0,,550,3.0,,20,0.0,热处理对TC46钛合金组织定量分析及性能影响规律研究 - 中国知网 (cnki.net),1370.3,3.54,the first heat treatment is Solution treatment at 830.0℃ for 2.0 hours. the second heat treatment is Aging at 550.0℃ for 3.0 hours
192,82.31,8.799999999999999,0.0,2.4699999999999998,4.66,0.0,0.91,0.8500000000000001,0.0,840,2.0,,550,3.0,,20,0.0,热处理对TC47钛合金组织定量分析及性能影响规律研究 - 中国知网 (cnki.net),1390.12,3.35,the first heat treatment is Solution treatment at 840.0℃ for 2.0 hours. the second heat treatment is Aging at 550.0℃ for 3.0 hours
193,82.31,8.799999999999999,0.0,2.4699999999999998,4.66,0.0,0.91,0.8500000000000001,0.0,850,2.0,,550,3.0,,20,0.0,热处理对TC48钛合金组织定量分析及性能影响规律研究 - 中国知网 (cnki.net),1409.56,3.2,the first heat treatment is Solution treatment at 850.0℃ for 2.0 hours. the second heat treatment is Aging at 550.0℃ for 3.0 hours
194,82.31,8.799999999999999,0.0,2.4699999999999998,4.66,0.0,0.91,0.8500000000000001,0.0,860,2.0,,550,3.0,,20,0.0,热处理对TC49钛合金组织定量分析及性能影响规律研究 - 中国知网 (cnki.net),1423.7,3.24,the first heat treatment is Solution treatment at 860.0℃ for 2.0 hours. the second heat treatment is Aging at 550.0℃ for 3.0 hours
195,90.35,8.66,0.0,0.0,0.0,0.0,0.0,0.0,0.98,1000,1.0,FC,0,0.0,,20,0.0,Mechanical properties and corrosion resistance improvement of TiAlSnMo alloys via Mo addition - ScienceDirect,769.0,10.6,the first heat treatment is Solution treatment at 1000.0℃ for 1.0 hours followed by furnace cooling
196,87.61,8.88,0.0,2.5,0.0,0.0,0.0,0.0,1.01,1000,1.0,,0,0.0,,20,0.0,Mechanical properties and corrosion resistance improvement of TiAlSnMo alloys via Mo addition - ScienceDirect,1016.0,5.8,the first heat treatment is Solution treatment at 1000.0℃ for 1.0 hours
197,84.73,9.11,0.0,5.12,0.0,0.0,0.0,0.0,1.04,1000,1.0,,0,0.0,,20,0.0,Mechanical properties and corrosion resistance improvement of TiAlSnMo alloys via Mo addition - ScienceDirect,1260.0,8.4,the first heat treatment is Solution treatment at 1000.0℃ for 1.0 hours
198,81.69999999999999,9.35,0.0,7.89,0.0,0.0,0.0,0.0,1.06,1000,1.0,,0,0.0,,20,0.0,Mechanical properties and corrosion resistance improvement of TiAlSnMo alloys via Mo addition - ScienceDirect,724.0,9.3,the first heat treatment is Solution treatment at 1000.0℃ for 1.0 hours
199,81.33,8.799999999999999,0.0,2.4699999999999998,4.66,0.0,2.74,0.0,0.0,885,1.0,WQ,450,4.0,AC,800,77.0,53,1187.0,4.5,the first heat treatment is Solution treatment at 885.0℃ for 1.0 hours followed by water quenching. the second heat treatment is Aging at 450.0℃ for 4.0 hours followed by air cooling. the third heat treatment is Hot rolling at 800.0℃ with 77.0% reduction
200,81.33,8.799999999999999,0.0,2.4699999999999998,4.66,0.0,2.74,0.0,0.0,885,1.0,,550,4.0,,800,77.0,53,1341.0,11.9,the first heat treatment is Solution treatment at 885.0℃ for 1.0 hours. the second heat treatment is Aging at 550.0℃ for 4.0 hours. the third heat treatment is Hot rolling at 800.0℃ with 77.0% reduction
201,81.33,8.799999999999999,0.0,2.4699999999999998,4.66,0.0,2.74,0.0,0.0,885,1.0,,600,4.0,,800,77.0,53,1314.0,19.1,the first heat treatment is Solution treatment at 885.0℃ for 1.0 hours. the second heat treatment is Aging at 600.0℃ for 4.0 hours. the third heat treatment is Hot rolling at 800.0℃ with 77.0% reduction
202,81.33,8.799999999999999,0.0,2.4699999999999998,4.66,0.0,2.74,0.0,0.0,885,1.0,,650,4.0,,800,77.0,53,1147.0,22.3,the first heat treatment is Solution treatment at 885.0℃ for 1.0 hours. the second heat treatment is Aging at 650.0℃ for 4.0 hours. the third heat treatment is Hot rolling at 800.0℃ with 77.0% reduction
203,86.07000000000001,9.07,2.32,0.0,0.0,0.0,2.54,0.0,0.0,920,1.0,WQ,0,0.0,,970,70.0,Hierarchical nano-martensite-engineered a low-cost ultra-strong and ductile titanium alloy | Nature Communications,1413.0,12.6,the first heat treatment is Solution treatment at 920.0℃ for 1.0 hours followed by water quenching. the second heat treatment is Hot rolling at 970.0℃ with 70.0% reduction
204,86.09,12.030000000000001,0.8,0.0,1.08,0.0,0.0,0.0,0.0,0,0.0,,0,0.0,,20,0.0,High-strength Ti-Al-V-Zr cast alloys designed using α and β cluster formulas | China Foundry (springer.com),787.75,14.0,No processing
205,84.73,11.63,1.47,0.0,2.17,0.0,0.0,0.0,0.0,0,0.0,,0,0.0,,20,0.0,High-strength Ti-Al-V-Zr cast alloys designed using α and β cluster formulas | China Foundry (springer.com),840.86,10.44,No processing
206,83.44,11.21,2.1399999999999997,0.0,3.2,0.0,0.0,0.0,0.0,0,0.0,,0,0.0,,20,0.0,High-strength Ti-Al-V-Zr cast alloys designed using α and β cluster formulas | China Foundry (springer.com),963.77,7.2,No processing
207,82.07,10.8,2.88,0.0,4.24,0.0,0.0,0.0,0.0,0,0.0,,0,0.0,,20,0.0,High-strength Ti-Al-V-Zr cast alloys designed using α and β cluster formulas | China Foundry (springer.com),1070.49,5.24,No processing
208,80.80000000000001,10.36,3.53,0.0,5.3,0.0,0.0,0.0,0.0,0,0.0,,0,0.0,,20,0.0,High-strength Ti-Al-V-Zr cast alloys designed using α and β cluster formulas | China Foundry (springer.com),1193.4,1.81,No processing
209,79.44,9.92,4.25,0.0,6.38,0.0,0.0,0.0,0.0,0,0.0,,0,0.0,,20,0.0,High-strength Ti-Al-V-Zr cast alloys designed using α and β cluster formulas | China Foundry (springer.com),1293.0,2.0,No processing
210,78.22,9.48,4.92,0.0,7.39,0.0,0.0,0.0,0.0,0,0.0,,0,0.0,,20,0.0,High-strength Ti-Al-V-Zr cast alloys designed using α and β cluster formulas | China Foundry (springer.com),1253.07,4.63,No processing
211,90.60000000000001,0.0,0.0,0.0,7.739999999999999,0.0,0.0,0.0,1.66,950,2.5,WQ,0,0.0,,20,86.0,α′ Martensite Ti–V–Sn alloys with low Young's modulus and high strength - ScienceDirect,1040.0,6.0,the first heat treatment is Solution treatment at 950.0℃ for 2.5 hours followed by water quenching. the second heat treatment is Cold rolling at 20℃ with 86.0% reduction
212,90.60000000000001,0.0,0.0,0.0,7.739999999999999,0.0,0.0,0.0,1.66,950,2.5,,250,1.5,,20,86.0,α′ Martensite Ti–V–Sn alloys with low Young's modulus and high strength - ScienceDirect,1157.51,4.79,the first heat treatment is Solution treatment at 950.0℃ for 2.5 hours. the second heat treatment is Aging at 250.0℃ for 1.5 hours. the third heat treatment is Cold rolling at 20℃ with 86.0% reduction
213,78.45,0.0,0.0,0.0,19.580000000000002,0.0,0.0,0.0,1.97,950,2.5,,0,0.0,,20,86.0,α′ Martensite Ti–V–Sn alloys with low Young's modulus and high strength - ScienceDirect,867.08,8.29,the first heat treatment is Solution treatment at 950.0℃ for 2.5 hours. the second heat treatment is Cold rolling at 20℃ with 86.0% reduction
214,78.45,0.0,0.0,0.0,19.580000000000002,0.0,0.0,0.0,1.97,950,2.5,,250,1.5,,20,86.0,α′ Martensite Ti–V–Sn alloys with low Young's modulus and high strength - ScienceDirect,1264.12,0.5,the first heat treatment is Solution treatment at 950.0℃ for 2.5 hours. the second heat treatment is Aging at 250.0℃ for 1.5 hours. the third heat treatment is Cold rolling at 20℃ with 86.0% reduction
215,85.69,0.0,0.0,0.0,11.78,0.0,0.0,0.0,2.53,950,2.5,,0,0.0,,20,86.0,α′ Martensite Ti–V–Sn alloys with low Young's modulus and high strength - ScienceDirect,1024.0,10.0,the first heat treatment is Solution treatment at 950.0℃ for 2.5 hours. the second heat treatment is Cold rolling at 20℃ with 86.0% reduction
216,76.96,5.46,2.15,2.0500000000000003,7.71,0.0,5.67,0.0,0.0,800,0.5,WQ,0,0.0,,20,0.0,时效处理对固溶冷拉态TB9钛合金组织与性能的影响 (xjtu.edu.cn),950.0,23.0,the first heat treatment is Solution treatment at 800.0℃ for 0.5 hours followed by water quenching
217,76.96,5.46,2.15,2.0500000000000003,7.71,0.0,5.67,0.0,0.0,800,0.5,,450,8.0,,20,0.0,时效处理对固溶冷拉态TB10钛合金组织与性能的影响 (xjtu.edu.cn),1700.0,0.07,the first heat treatment is Solution treatment at 800.0℃ for 0.5 hours. the second heat treatment is Aging at 450.0℃ for 8.0 hours
218,76.96,5.46,2.15,2.0500000000000003,7.71,0.0,5.67,0.0,0.0,800,0.5,,500,8.0,,20,0.0,时效处理对固溶冷拉态TB11钛合金组织与性能的影响 (xjtu.edu.cn),1591.7,5.89,the first heat treatment is Solution treatment at 800.0℃ for 0.5 hours. the second heat treatment is Aging at 500.0℃ for 8.0 hours
219,76.96,5.46,2.15,2.0500000000000003,7.71,0.0,5.67,0.0,0.0,800,0.5,,540,8.0,,20,0.0,时效处理对固溶冷拉态TB12钛合金组织与性能的影响 (xjtu.edu.cn),1481.53,5.47,the first heat treatment is Solution treatment at 800.0℃ for 0.5 hours. the second heat treatment is Aging at 540.0℃ for 8.0 hours
220,76.96,5.46,2.15,2.0500000000000003,7.71,0.0,5.67,0.0,0.0,800,0.5,,550,8.0,,20,0.0,时效处理对固溶冷拉态TB13钛合金组织与性能的影响 (xjtu.edu.cn),1400.0,14.0,the first heat treatment is Solution treatment at 800.0℃ for 0.5 hours. the second heat treatment is Aging at 550.0℃ for 8.0 hours
221,76.96,5.46,2.15,2.0500000000000003,7.71,0.0,5.67,0.0,0.0,800,0.5,,600,8.0,,20,0.0,时效处理对固溶冷拉态TB14钛合金组织与性能的影响 (xjtu.edu.cn),1200.0,21.82,the first heat treatment is Solution treatment at 800.0℃ for 0.5 hours. the second heat treatment is Aging at 600.0℃ for 8.0 hours
222,81.28999999999999,8.959999999999999,1.06,2.01,0.0,1.5599999999999998,5.11,0.0,0.0,0,0.0,,600,6.0,AC,20,0.0,不同尺寸的α相对亚稳β钛合金Ti-5.5Cr-5Al-4Mo-3Nb-2Zr拉伸性能的影响（英文） - 中国知网 (xjtu.edu.cn),886.9,19.2,the first heat treatment is Aging at 600.0℃ for 6.0 hours followed by air cooling
223,81.28999999999999,8.959999999999999,1.06,2.01,0.0,1.5599999999999998,5.11,0.0,0.0,800,0.5,,600,6.0,,20,0.0,不同尺寸的α相对亚稳β钛合金Ti-5.5Cr-5Al-4Mo-3Nb-3Zr拉伸性能的影响（英文） - 中国知网 (xjtu.edu.cn),1125.4,18.3,the first heat treatment is Solution treatment at 800.0℃ for 0.5 hours. the second heat treatment is Aging at 600.0℃ for 6.0 hours
224,81.28999999999999,8.959999999999999,1.06,2.01,0.0,1.5599999999999998,5.11,0.0,0.0,800,0.5,,0,0.0,,20,0.0,不同尺寸的α相对亚稳β钛合金Ti-5.5Cr-5Al-4Mo-3Nb-4Zr拉伸性能的影响（英文） - 中国知网 (xjtu.edu.cn),1224.3,5.2,the first heat treatment is Solution treatment at 800.0℃ for 0.5 hours
225,82.75,7.249999999999999,0.54,3.3099999999999996,1.92,1.05,2.35,0.0,0.8200000000000001,823,0.5,WQ,0,0.0,,20,0.0,冷却速率对TB17钛合金显微组织和力学性能的影响 - 中国知网 (xjtu.edu.cn),843.0,13.6,the first heat treatment is Solution treatment at 823.0℃ for 0.5 hours followed by water quenching
226,83.21,10.8,2.13,3.04,0.0,0.0,0.0,0.0,0.8200000000000001,920,1.0,WQ,595,8.0,AC,920,86.4,热处理工艺对Ti6248钛合金组织与力学性能的影响,1497.5,0.5,the first heat treatment is Solution treatment at 920.0℃ for 1.0 hours followed by water quenching. the second heat treatment is Aging at 595.0℃ for 8.0 hours followed by air cooling. the third heat treatment is Hot rolling at 920.0℃ with 86.4% reduction
227,83.21,10.8,2.13,3.04,0.0,0.0,0.0,0.0,0.8200000000000001,900,1.0,WQ,595,8.0,AC,920,86.4,热处理工艺对Ti6250钛合金组织与力学性能的影响,1475.0,6.25,the first heat treatment is Solution treatment at 900.0℃ for 1.0 hours followed by water quenching. the second heat treatment is Aging at 595.0℃ for 8.0 hours followed by air cooling. the third heat treatment is Hot rolling at 920.0℃ with 86.4% reduction
228,82.75,7.249999999999999,0.54,3.3099999999999996,1.92,1.05,2.35,0.0,0.8200000000000001,823,0.5,,580,6.0,AC,20,0.0,冷却速率对TB18钛合金显微组织和力学性能的影响 - 中国知网 (xjtu.edu.cn),1427.0,2.08,the first heat treatment is Solution treatment at 823.0℃ for 0.5 hours. the second heat treatment is Aging at 580.0℃ for 6.0 hours followed by air cooling
229,81.02000000000001,7.99,0.79,2.25,6.58,0.0,1.38,0.0,0.0,0,0.0,,480,6.0,AC,780,80.0,Spinodal decomposition-mediated multi-architectured α precipitates making a metastable β-Ti alloy ultra-strong and ductile-All Databases,1424.2,9.25,the first heat treatment is Aging at 480.0℃ for 6.0 hours followed by air cooling. the second heat treatment is Hot rolling at 780.0℃ with 80.0% reduction
230,81.02000000000001,7.99,0.79,2.25,6.58,0.0,1.38,0.0,0.0,0,0.0,,0,0.0,,780,80.0,Spinodal decomposition-mediated multi-architectured α precipitates making a metastable β-Ti alloy ultra-strong and ductile-All Databases,907.3,12.89,the first heat treatment is Hot rolling at 780.0℃ with 80.0% reduction
231,83.21,10.8,2.13,3.04,0.0,0.0,0.0,0.0,0.8200000000000001,950,1.0,WQ,0,0.0,,920,86.4,热处理工艺对Ti6246钛合金组织与力学性能的影响,1046.5,6.25,the first heat treatment is Solution treatment at 950.0℃ for 1.0 hours followed by water quenching. the second heat treatment is Hot rolling at 920.0℃ with 86.4% reduction
232,83.21,10.8,2.13,3.04,0.0,0.0,0.0,0.0,0.8200000000000001,920,1.0,WQ,0,0.0,,920,86.4,热处理工艺对Ti6247钛合金组织与力学性能的影响,1099.0,10.5,the first heat treatment is Solution treatment at 920.0℃ for 1.0 hours followed by water quenching. the second heat treatment is Hot rolling at 920.0℃ with 86.4% reduction
233,83.21,10.8,2.13,3.04,0.0,0.0,0.0,0.0,0.8200000000000001,900,1.0,WQ,0,0.0,,920,86.4,热处理工艺对Ti6249钛合金组织与力学性能的影响,1106.5,16.25,the first heat treatment is Solution treatment at 900.0℃ for 1.0 hours followed by water quenching. the second heat treatment is Hot rolling at 920.0℃ with 86.4% reduction
